ps,aero,designation,aeroMobile,bloName,bloMobile,supervisor,noticeGenerated,prevDelivered,latestDelivered,prevHearing,latestHearing,hearingLapse,discrepancyDelivered,bloDocs,bloLetter
146,Sh. Ajay Kumar,Ad.AERO,9718343424,RAJENDER SINGH,8851646934,AJAY SINGH GAHLOT,402,177,177,0,0,197,0,54,0
147,Sh. Ajay Kumar,Ad.AERO,9718343424,BABITA KUMARI,9717243106,AJAY SINGH GAHLOT,312,178,178,0,0,0,0,59,38
148,Sh. Ajay Kumar,Ad.AERO,9718343424,MS. SAPNA KUMARI,9968040849,AJAY SINGH GAHLOT,196,2,11,0,0,0,1,2,3
149,Sh. Ajay Kumar,Ad.AERO,9718343424,SONIA,9289774997,AJAY SINGH GAHLOT,142,64,71,4,5,68,8,68,16
150,Sh. Ajay Kumar,Ad.AERO,9718343424,SHWETA LAKRA,8587917730,SHWETA SINGH,238,97,97,24,25,72,0,15,0
151,Sh. Ajay Kumar,Ad.AERO,9718343424,VEERA BAHADUR,9650865780,SHWETA SINGH,294,148,148,0,0,149,0,32,0
152,Sh. Ajay Kumar,Ad.AERO,9718343424,SUNIL RAVI,9968561139,SHWETA SINGH,416,208,214,0,0,0,1,46,0
153,Sh. Ajay Kumar,Ad.AERO,9718343424,SAMAY SINGH,9555988783,SHWETA SINGH,179,40,40,5,19,22,4,7,29
154,Sh. Ajay Kumar,Ad.AERO,9718343424,NIRMLA DEVI,9315564247,SHWETA SINGH,180,77,86,46,46,36,9,7,2
155,Sh. Ajay Kumar,Ad.AERO,9718343424,MUKESH KUMAR,9982097489,SHWETA SINGH,153,59,68,43,46,6,16,1,9
156,Sh. Ajay Kumar,Ad.AERO,9718343424,POOJA MEENA,9540652903,SHWETA SINGH,232,117,128,56,56,49,23,21,1
157,Sh. Ajay Kumar,Ad.AERO,9718343424,MANJU,9899674894,SHWETA SINGH,260,52,70,21,21,51,15,18,0
158,Sh. Ajay Kumar,Ad.AERO,9718343424,KAPIL NARAIN JOSHI,8920612021,SHWETA SINGH,231,35,35,12,19,40,0,8,0
159,Sh. Ajay Kumar,Ad.AERO,9718343424,PREETI DALAL,9717117745,AJAY SINGH GAHLOT,248,16,29,13,15,3,12,3,12
160,Sh. Ajay Kumar,Ad.AERO,9718343424,LOKESH GAHLOT,8743974224,AJAY SINGH GAHLOT,242,46,61,27,47,9,6,9,5
161,Sh. Ajay Kumar,Ad.AERO,9718343424,SONIA AHLAWAT,8920585006,AJAY SINGH GAHLOT,236,99,99,1,1,106,0,73,0
162,Sh. Ajay Kumar,Ad.AERO,9718343424,MANDEEP GAHLOT,9718472153,AJAY SINGH GAHLOT,217,86,86,12,12,74,0,18,0
163,Sh. Ajay Kumar,Ad.AERO,9718343424,RAKESH KUMAR,8470860132,AJAY SINGH GAHLOT,237,75,75,36,36,38,1,6,0
170,Sh. Ajay Kumar,Ad.AERO,9718343424,ANSHU,9013980662,ARTI,267,172,175,0,1,0,1,152,55
171,Sh. Ajay Kumar,Ad.AERO,9718343424,SAVITA,8368319486,ARTI,215,32,32,8,8,24,0,9,0
172,Sh. Ajay Kumar,Ad.AERO,9718343424,SANGEETA BHATT,8130512198,ARTI,258,70,70,42,42,29,1,18,0
175,Sh. Ajay Kumar,Ad.AERO,9718343424,MUKESH KUMAR,7015575714,ARTI,267,110,119,0,0,0,0,42,0
176,Sh. Ajay Kumar,Ad.AERO,9718343424,RAMSWAROOP,9968645322,ARTI,200,67,67,0,0,0,0,0,0
177,Sh. Ajay Kumar,Ad.AERO,9718343424,BINDU SAINI,9871549711,ARTI,276,137,137,25,25,112,0,26,0
178,Sh. Ajay Kumar,Ad.AERO,9718343424,VIBHA,8745020330,AJAY SINGH GAHLOT,357,147,153,26,26,141,9,71,30
179,Sh. Ajay Kumar,Ad.AERO,9718343424,"NITESH, TGT",9472505302,AJAY SINGH GAHLOT,212,4,5,0,0,0,5,0,2
180,Sh. Ajay Kumar,Ad.AERO,9718343424,ANIL KUMAR,9813994022,AJAY SINGH GAHLOT,207,50,50,32,32,22,0,17,0
185,Sh. Ajay Kumar,Ad.AERO,9718343424,MAUSAM,8506085036,AJAY SINGH GAHLOT,265,99,99,27,27,78,0,25,0
187,Sh. Ajay Kumar,Ad.AERO,9718343424,BHAWANI RAM,7982056952,ARTI,221,84,98,48,48,20,31,2,0
188,Sh. Ajay Kumar,Ad.AERO,9718343424,SUMAN,7231854632,ARTI,198,30,38,0,0,0,0,33,1
189,Sh. Ajay Kumar,Ad.AERO,9718343424,BABLU SHARMA,9873698143,ARTI,269,77,83,0,0,0,7,28,2
190,Sh. Ajay Kumar,Ad.AERO,9718343424,SUNIL KUMAR MEENA,9968628865,ARTI,161,57,70,23,23,31,20,10,5
191,Sh. Ajay Kumar,Ad.AERO,9718343424,DHARM SINGH MEENA,9013217300,ARTI,113,27,31,0,0,0,12,12,23
192,Sh. Ajay Kumar,Ad.AERO,9718343424,JAGPAUL SINGH,9501990300,ARTI,230,87,93,29,29,51,13,31,12
193,Sh. Ajay Kumar,Ad.AERO,9718343424,PAWAN KUMAR,9212237390,ARTI,296,15,36,0,0,0,2,16,1
276,Sh. Ajay Kumar,Ad.AERO,9718343424,UPASNA,9999503384,SHWETA SINGH,315,110,113,0,0,0,2,39,6
277,Sh. Ajay Kumar,Ad.AERO,9718343424,SHEHZADI,8377049139,SHWETA SINGH,308,31,31,0,1,0,0,19,0
286,Sh. Ajay Kumar,Ad.AERO,9718343424,SUMIT DAGAR,9953608479,SHWETA SINGH,382,135,138,1,1,0,1,0,2
287,Sh. Ajay Kumar,Ad.AERO,9718343424,SH. PRADEEP KUMAR,9999747686,SHWETA SINGH,310,2,2,0,0,0,0,2,0
288,Sh. Ajay Kumar,Ad.AERO,9718343424,SEEMA DHANIA,9910707183,SHWETA SINGH,319,186,196,0,0,0,4,0,4